ID,year,school,rivals
"['p', 'a', 'u', 'l', 't', 'h', 'u', 'r', 's', 't', 'o', 'n', '_', 'n', 'e', 'b', 'r', 'a', 's', 'k', 'a']",2012,nebraska,false
michaelrose-ivey_nebraska,2012,nebraska,false
vancematthews_rutgers,2012,rutgers,false
bryanstonkus_rutgers,2012,rutgers,false
joshsanguinetti_indiana,2019,indiana,false
dkbonhomme_indiana,2019,indiana,false
larrytracyiii_indiana,2019,indiana,false
nicholaspetit-frere_ohio-state,2018,ohio-state,false
l'christiansmith_ohio-state,2018,ohio-state,false
byroncowart_maryland,2018,maryland,false
ericwatts_illinois,2009,illinois,false
nateswanson_illinois,2009,illinois,false
walteraikens_illinois,2009,illinois,false
victorviramontes_minnesota,2018,minnesota,false
jamaalteague_minnesota,2018,minnesota,false
jornellbrooks_minnesota,2018,minnesota,false
benjaminsappiii_minnesota,2018,minnesota,false
abin-okonji_minnesota,2018,minnesota,false
ajjones_iowa,2013,iowa,false
mattvandeberg_iowa,2013,iowa,false
kevinward_iowa,2013,iowa,false
boonemyers_iowa,2013,iowa,false
connorkeane_iowa,2013,iowa,false
derekmorris_ohio-state,2002,ohio-state,false
kellendavis_michigan-state,2003,michigan-state,false
benjarvusgreen-ellis_indiana,2003,indiana,false
nicksipe_purdue,2017,purdue,false
djedwards_purdue,2017,purdue,false
djwashington_purdue,2017,purdue,false
giovannireviere_purdue,2017,purdue,false
rayellis_purdue,2017,purdue,false
corneljones_purdue,2017,purdue,false
devonconnors_purdue,2017,purdue,false
samgarvin_purdue,2017,purdue,false
alexanderhorvath_purdue,2017,purdue,false
aideno'connell_purdue,2017,purdue,false
laperionperry_purdue,2017,purdue,false
chrishinton_michigan,2019,michigan,false
mikemorris_michigan,2019,michigan,false
timwright_rutgers,2008,rutgers,false
andrewdepaola_rutgers,2008,rutgers,false
ljscott_michigan-state,2015,michigan-state,false
feltondavisiii_michigan-state,2015,michigan-state,false
colechewins_michigan-state,2015,michigan-state,false
jacktrainor_indiana,2015,indiana,false
chrisgajcak_indiana,2015,indiana,false
nickramaca_indiana,2015,indiana,false
loganjustus_indiana,2015,indiana,false
deandrethompkins_penn-state,2014,penn-state,false
brettmaher_nebraska,2008,nebraska,false
kennyanderson_nebraska,2008,nebraska,false
justinblatchford_nebraska,2008,nebraska,false
seunghoonchoi_nebraska,2008,nebraska,false
jondamkroger_nebraska,2008,nebraska,false
jasedean_nebraska,2008,nebraska,false
jimebke_nebraska,2008,nebraska,false
kchyland_nebraska,2008,nebraska,false
justinjackson_nebraska,2008,nebraska,false
mattmanninger_nebraska,2008,nebraska,false
mychaelmcclure_nebraska,2008,nebraska,false
conormcdermott_nebraska,2008,nebraska,false
sammeginnis_nebraska,2008,nebraska,false
joshmolek_nebraska,2008,nebraska,false
brentmoravec_nebraska,2008,nebraska,false
grahamstoddard_nebraska,2008,nebraska,false
kevinthomsen_nebraska,2008,nebraska,false
brianthorson_nebraska,2008,nebraska,false
willulmer_maryland,2014,maryland,false
marcusbinns_iowa,2009,iowa,false
caseykreiter_iowa,2009,iowa,false
dimonicroden-mckinzy_minnesota,2014,minnesota,false
ra'shauncroney_minnesota,2014,minnesota,false
briangoblirsch_minnesota,2002,minnesota,false
bobbyscyrus_minnesota,2002,minnesota,false
marioreese_minnesota,2002,minnesota,false
stephonhopkins_minnesota,2002,minnesota,false
pauljamesiii_illinois,2013,illinois,false
chunkyclements_illinois,2013,illinois,false
nateechard_illinois,2013,illinois,false
merrickjackson_illinois,2013,illinois,false
miguelhermosillo_illinois,2013,illinois,false
robertbain_illinois,2012,illinois,false
zachhirth_illinois,2012,illinois,false
lukenelson_illinois,2012,illinois,false
joespencer_illinois,2012,illinois,false
andrewsmith_northwestern,2011,northwestern,false
charlierogers_minnesota,2015,minnesota,false
zocraighton_minnesota,2015,minnesota,false
jameshurt_iowa,2008,iowa,false
collinsleeper_iowa,2008,iowa,false
nicknielsen_iowa,2008,iowa,false
cameronolson_iowa,2008,iowa,false
terrancepryor_iowa,2008,iowa,false
stevenstaggs_iowa,2008,iowa,false
zachderby_iowa,2008,iowa,false
jasonwhite_iowa,2008,iowa,false
matttobin_iowa,2008,iowa,false
robertbarry_nebraska,2009,nebraska,false
brandonchapek_nebraska,2009,nebraska,false
taylordixon_nebraska,2009,nebraska,false
mitchhron_nebraska,2009,nebraska,false
sethjameson_nebraska,2009,nebraska,false
dwightjones_nebraska,2009,nebraska,false
ronkelloggiii_nebraska,2009,nebraska,false
tykildow_nebraska,2009,nebraska,false
jakelong_nebraska,2009,nebraska,false
spencerlong_nebraska,2009,nebraska,false
pjmangieri_nebraska,2009,nebraska,false
brodricknickens_nebraska,2009,nebraska,false
devinpaulsen_nebraska,2009,nebraska,false
wilrichards_nebraska,2009,nebraska,false
colbystarkebaum_nebraska,2009,nebraska,false
mattoliveira_maryland,2015,maryland,false
nilesykes_indiana,2014,indiana,false
mikebarwick_indiana,2014,indiana,false
jermaneconyers_indiana,2014,indiana,false
timothygardner_indiana,2014,indiana,false
zanderdiamont_indiana,2014,indiana,false
robertmccrayiii_indiana,2014,indiana,false
ryanwattercutter_indiana,2014,indiana,false
ryanwatercutter_indiana,2014,indiana,false
michaelfiacable_indiana,2014,indiana,false
jakemoody_michigan,2018,michigan,false
adbulsmith_rutgers,2009,rutgers,false
joshuanorwood_ohio-state,2015,ohio-state,false
ajalexander_ohio-state,2015,ohio-state,false
joshuahayes_purdue,2016,purdue,false
cjparker_purdue,2016,purdue,false
dannycarollo_purdue,2016,purdue,false
anthonygonzalez_ohio-state,2003,ohio-state,false
patrickjohnsonii_wisconsin,2016,wisconsin,false
jacobcesear_wisconsin,2016,wisconsin,false
anthonygair_iowa,2012,iowa,false
daumantasvenckus-cucchiara_iowa,2012,iowa,false
rileymccarron_iowa,2012,iowa,false
colecroston_iowa,2012,iowa,false
jamesgordoniv_minnesota,2019,minnesota,false
mikebrown-stephens_minnesota,2019,minnesota,false
nalinfox_purdue,2020,purdue,false
patricknixon-youman_illinois,2008,illinois,false
jeffallen_illinois,2008,illinois,false
zakpedersen_illinois,2008,illinois,false
derekdimke_illinois,2008,illinois,false
ajjenkins_illinois,2008,illinois,false
zackbowman_nebraska,2005,nebraska,false
samokuayinonu_maryland,2019,maryland,false
rayrice_rutgers,2005,rutgers,false
derekbenson_rutgers,2005,rutgers,false
juwannbushell-beatty_michigan,2014,michigan,false
blakeo'neill_michigan,2014,michigan,false
kristianpechac_indiana,2018,indiana,false
steviescottiii_indiana,2018,indiana,false
turonivy_indiana,2018,indiana,false
chasewyatt_indiana,2018,indiana,false
gabewatson_michigan,2002,michigan,false
williamcooper_michigan,2002,michigan,false
chrislaviano_rutgers,2013,rutgers,false
aidanmurray_rutgers,2013,rutgers,false
darnelldavis_rutgers,2013,rutgers,false
nickrafferty_rutgers,2013,rutgers,false
davidbonagura_rutgers,2013,rutgers,false
lloydtaylor_rutgers,2013,rutgers,false
razohnngross_rutgers,2013,rutgers,false
brianverbitski_rutgers,2013,rutgers,false
andrewharte_rutgers,2013,rutgers,false
djsingleton_nebraska,2013,nebraska,false
nategerry_nebraska,2013,nebraska,false
trevelldixon_nebraska,2013,nebraska,false
cam'ronjones_nebraska,2018,nebraska,false
camtaylor-britt_nebraska,2018,nebraska,false
ajforbes_nebraska,2018,nebraska,false
treycovington_maryland,2004,maryland,false
reginaldsutton_rutgers,2018,rutgers,false
austinalbericci_rutgers,2018,rutgers,false
liamflite_rutgers,2018,rutgers,false
javishanks_rutgers,2018,rutgers,false
nickjohnston_rutgers,2018,rutgers,false
anthonymarshall_rutgers,2018,rutgers,false
brandonmyers_rutgers,2018,rutgers,false
jonathanpimentel_rutgers,2018,rutgers,false
freddierecio_rutgers,2018,rutgers,false
zachsterr_rutgers,2018,rutgers,false
johnnyyorey_rutgers,2018,rutgers,false
tedginn_ohio-state,2004,ohio-state,false
michaelcaputo_wisconsin,2011,wisconsin,false
fredrickwillis_wisconsin,2011,wisconsin,false
jonalsaint-dic_michigan-state,2005,michigan-state,false
austinparker_purdue,2011,purdue,false
joshuaperry_ohio-state,2012,ohio-state,false
jayharris_michigan-state,2013,michigan-state,false
kylewojta_wisconsin,2007,wisconsin,false
ryanwickesberg_wisconsin,2007,wisconsin,false
evanjansen_indiana,2013,indiana,false
griffinoakes_indiana,2013,indiana,false
aarondelgrosso_indiana,2013,indiana,false
tajwilliams_indiana,2013,indiana,false
mauriceswain_indiana,2013,indiana,false
darylchestnut_indiana,2013,indiana,false
genolewis_penn-state,2012,penn-state,false
jamilpollard_penn-state,2012,penn-state,false
nyeemwartman-white_penn-state,2012,penn-state,false
daquandavis_penn-state,2012,penn-state,false
christiancarpenter_maryland,2012,maryland,false
michaeldunn_maryland,2012,maryland,false
kennygoins_maryland,2012,maryland,false
brieanboddy-calhoun_minnesota,2012,minnesota,false
bobbywalker_illinois,2015,illinois,false
jeraldfoster_nebraska,2014,nebraska,false
de'mornaypierson-el_nebraska,2014,nebraska,false
dimitriuscarr-watson_indiana,2009,indiana,false
michaelzordich_penn-state,2008,penn-state,false
michaelyancich_penn-state,2008,penn-state,false
joshhicks_rutgers,2014,rutgers,false
kamlott_rutgers,2014,rutgers,false
sandyanya_rutgers,2014,rutgers,false
charlesscarff_rutgers,2014,rutgers,false
michaelcintron_rutgers,2014,rutgers,false
kevindaly_rutgers,2014,rutgers,false
talibabdur-ra'oof_rutgers,2014,rutgers,false
stevenmoore_michigan-state,2009,michigan-state,false
jordanbenton_michigan-state,2009,michigan-state,false
andrebuford_michigan-state,2009,michigan-state,false
miltoncolbert_michigan-state,2009,michigan-state,false
danconroy_michigan-state,2009,michigan-state,false
dougcurtis_michigan-state,2009,michigan-state,false
kylerelsworth_michigan-state,2009,michigan-state,false
dannyfolino_michigan-state,2009,michigan-state,false
chrishessell_michigan-state,2009,michigan-state,false
rjkelly_michigan-state,2009,michigan-state,false
kylenichol_michigan-state,2009,michigan-state,false
chadsetterbo_michigan-state,2009,michigan-state,false
davidspears_michigan-state,2009,michigan-state,false
hughstangeland_michigan-state,2009,michigan-state,false
anthonyrashadwhite_michigan-state,2009,michigan-state,false
mitchellwhite_michigan-state,2009,michigan-state,false
randyboxilll_rutgers,2002,rutgers,false
de'veonsmith_michigan,2013,michigan,false
jaidencameron_northwestern,2020,northwestern,false
kennethiwebemajr_iowa,2003,iowa,false
dalevoncampbell_illinois,2019,illinois,false
devonwitherspoon_illinois,2019,illinois,false
michaelslaterjr_iowa,2015,iowa,false
jalenembry_iowa,2014,iowa,false
brandonsnyder_iowa,2014,iowa,false
sambrincks_iowa,2014,iowa,false
mjriversii_illinois,2018,illinois,false
dominicstampley_illinois,2018,illinois,false
quanmartin_illinois,2018,illinois,false
ronhardgeiii_illinois,2018,illinois,false
mattrobinson_illinois,2018,illinois,false
dylanthomas_illinois,2018,illinois,false
zachmottla_minnesota,2009,minnesota,false
naterobinson_rutgers,2003,rutgers,false
chriswormley_michigan,2012,michigan,false
mattgodin_michigan,2012,michigan,false
alanbranch_michigan,2004,michigan,false
nakiagriffin-stewart_rutgers,2015,rutgers,false
izaiabullock_rutgers,2015,rutgers,false
gavinhaggerty_rutgers,2015,rutgers,false
dwonwalker_rutgers,2015,rutgers,false
toddanderson_michigan-state,2008,michigan-state,false
peterbadovinac_michigan-state,2008,michigan-state,false
brianlinthicum_michigan-state,2008,michigan-state,false
cammartin_michigan-state,2008,michigan-state,false
blakepacheco_michigan-state,2008,michigan-state,false
chaseparker_michigan-state,2008,michigan-state,false
chrisdrucker_michigan-state,2008,michigan-state,false
kyleselden_michigan-state,2008,michigan-state,false
bradsonntag_michigan-state,2008,michigan-state,false
jonathanstrayhorn_michigan-state,2008,michigan-state,false
"larryblack,_indiana",2008,indiana,false
anthonyfera_penn-state,2009,penn-state,false
nickdelligatti_penn-state,2009,penn-state,false
de'ontearnett_maryland,2009,maryland,false
lagoree_maryland,2009,maryland,false
chasemclaughlin_illinois,2014,illinois,false
donaldjohnson_iowa,2018,iowa,false
jeffreyjenkins_iowa,2018,iowa,false
rileymoss_iowa,2018,iowa,false
marcussherels_minnesota,2005,minnesota,false
raydixon_minnesota,2013,minnesota,false
dukemcghee_minnesota,2013,minnesota,false
williamlikely_maryland,2013,maryland,false
michealmcdonald_purdue,2006,purdue,false
jontelinsey_purdue,2006,purdue,false
natesudfeld_indiana,2012,indiana,false
damongraham_indiana,2012,indiana,false
adamkranda_indiana,2012,indiana,false
ralphgreeniii_indiana,2012,indiana,false
christianenglum_indiana,2012,indiana,false
dareonfuller_indiana,2012,indiana,false
tylerferguson_penn-state,2013,penn-state,false
chrisworley_ohio-state,2013,ohio-state,false
jackconklin_michigan-state,2012,michigan-state,false
kevincronin_michigan-state,2012,michigan-state,false
mattmacksood_michigan-state,2012,michigan-state,false
gabesherrod_michigan-state,2012,michigan-state,false
kennylovejr_indiana,2004,indiana,false
normondoharris_purdue,2010,purdue,false
jordannorwood_penn-state,2005,penn-state,false
michaelcox_michigan,2008,michigan,false
jameswhite_wisconsin,2010,wisconsin,false
robhavenstein_wisconsin,2010,wisconsin,false
kylefrench_wisconsin,2010,wisconsin,false
drewmcadams_wisconsin,2010,wisconsin,false
connormoutvic_wisconsin,2010,wisconsin,false
jasonhengel_wisconsin,2010,wisconsin,false
benlandry_wisconsin,2010,wisconsin,false
willieresop_wisconsin,2010,wisconsin,false
rikikodanko_wisconsin,2010,wisconsin,false
jamesmcguire_wisconsin,2010,wisconsin,false
benruechel_wisconsin,2010,wisconsin,false
marcuskrien_wisconsin,2010,wisconsin,false
jacobninneman_wisconsin,2010,wisconsin,false
marcustrotter_wisconsin,2010,wisconsin,false
del'shawnphillips_illinois,2017,illinois,false
lereoladipo_illinois,2017,illinois,false
loudorsey_illinois,2017,illinois,false
camthomas_illinois,2017,illinois,false
natehobbs_illinois,2017,illinois,false
blakehayes_illinois,2017,illinois,false
etevamauga-clements_nebraska,2020,nebraska,false
williamnixon_nebraska,2020,nebraska,false
ronalddelancyiii_nebraska,2020,nebraska,false
nateclarke_maryland,2010,maryland,false
lagoree_maryland,2010,maryland,false
jakewheeler_maryland,2010,maryland,false
robbolden_penn-state,2010,penn-state,false
mikeneal_purdue,2005,purdue,false
erichtoth_indiana,2011,indiana,false
rjwilliamson_michigan-state,2011,michigan-state,false
mattramondo_michigan-state,2011,michigan-state,false
damonknox_michigan-state,2011,michigan-state,false
rodsmith_ohio-state,2010,ohio-state,false
tywilliams_ohio-state,2010,ohio-state,false
philtaylor_penn-state,2006,penn-state,false
zachdavis-walker_indiana,2007,indiana,false
evanpanfil_purdue,2013,purdue,false
garretthudson_purdue,2013,purdue,false
ra'zahnhoward_purdue,2013,purdue,false
dezwanpolk-campbell_purdue,2013,purdue,false
jacobanderson_purdue,2013,purdue,false
joshbodell_michigan-state,2007,michigan-state,false
jessejohnson_michigan-state,2007,michigan-state,false
jonmisch_michigan-state,2007,michigan-state,false
djyoung_michigan-state,2007,michigan-state,false
jacksonkeeler_wisconsin,2013,wisconsin,false
samraridon_wisconsin,2013,wisconsin,false
troyfumagalli_wisconsin,2013,wisconsin,false
ryanconnelly_wisconsin,2013,wisconsin,false
ryanramczyk_wisconsin,2013,wisconsin,false
beaniewells_ohio-state,2006,ohio-state,false
raysmall_ohio-state,2006,ohio-state,false
joshuaturner_iowa,2017,iowa,false
tommykujawa_iowa,2017,iowa,false
bencampos_iowa,2017,iowa,false
jackkoerner_iowa,2017,iowa,false
joeludwig_iowa,2017,iowa,false
kylerschott_iowa,2017,iowa,false
bryceschulte_iowa,2017,iowa,false
drewthomas_iowa,2017,iowa,false
khalidjonesii_northwestern,2018,northwestern,false
charlesschmidt_northwestern,2018,northwestern,false
samedmiston_wisconsin,2009,wisconsin,false
clintonheckner_wisconsin,2009,wisconsin,false
alexdietzen_wisconsin,2009,wisconsin,false
ethanhemer_wisconsin,2009,wisconsin,false
antavianedison_purdue,2009,purdue,false
henrylorenzen_purdue,2009,purdue,false
ahmirmitchell_rutgers,2016,rutgers,false
michaelmaietti_rutgers,2016,rutgers,false
jasongriggs_rutgers,2016,rutgers,false
aslanpugh_rutgers,2016,rutgers,false
matthewsportelli_rutgers,2016,rutgers,false
princetaylor_rutgers,2016,rutgers,false
steviebrown_michigan,2006,michigan,false
raniabdulaziz_rutgers,2017,rutgers,false
ryancassidy_rutgers,2017,rutgers,false
parkerday_rutgers,2017,rutgers,false
ryandowner_rutgers,2017,rutgers,false
billytaylor_rutgers,2017,rutgers,false
charleszarzecki_rutgers,2017,rutgers,false
deucespann_illinois,2020,illinois,false
johnnynewton_illinois,2020,illinois,false
phifergriffin_illinois,2020,illinois,false
hughrobertson_illinois,2020,illinois,false
denniskelly_purdue,2008,purdue,false
bradnortman_wisconsin,2008,wisconsin,false
rickywagner_wisconsin,2008,wisconsin,false
robertburge_wisconsin,2008,wisconsin,false
kennywilkins_michigan,2010,michigan,false
gensonhooper-price_northwestern,2019,northwestern,false
natestanley_iowa,2016,iowa,false
moisefokou_maryland,2007,maryland,false
alexshackleton_michigan-state,2006,michigan-state,false
nickbendzuck_michigan-state,2006,michigan-state,false
alexerickson_wisconsin,2012,wisconsin,false
jackcichy_wisconsin,2012,wisconsin,false
anthonytortorelli_penn-state,2007,penn-state,false
andyjamesgarcia_purdue,2012,purdue,false
bjknauf_purdue,2012,purdue,false
rubenibarra_purdue,2012,purdue,false
ryandebusk_purdue,2012,purdue,false
jjprince_purdue,2012,purdue,false
evanfeichter_purdue,2012,purdue,false
reggiebracy_iowa,2020,iowa,false
skylerburkland_michigan-state,2010,michigan-state,false
jeffbobek_michigan-state,2010,michigan-state,false
andrewgleichert_michigan-state,2010,michigan-state,false
tyhamilton_michigan-state,2010,michigan-state,false
shawnkamm_michigan-state,2010,michigan-state,false
joshperryman_michigan-state,2010,michigan-state,false
jordansanders_michigan-state,2010,michigan-state,false
garywooten_penn-state,2011,penn-state,false
jonathanpatton_purdue,2004,purdue,false
lenyatakiles_indiana,2010,indiana,false
ajhendy_maryland,2011,maryland,false
nateclarke_maryland,2011,maryland,false
naterenfro_maryland,2011,maryland,false
codymadison_northwestern,2003,northwestern,false
petermortell_minnesota,2011,minnesota,false
charliefessler_northwestern,2015,northwestern,false
andretate_minnesota,2007,minnesota,false
ryanwynn_minnesota,2007,minnesota,false
deleharding_illinois,2016,illinois,false
johnlowdermilk_iowa,2011,iowa,false
travisperry_iowa,2011,iowa,false
marshallkoehn_iowa,2011,iowa,false
mika'ilmccall_iowa,2011,iowa,false
keandrelambert_penn-state,2020,penn-state,false
rubenhyppoliteii_maryland,2020,maryland,false
amifinau_maryland,2020,maryland,false
ericguthrie_iowa,2007,iowa,false
tomdonatell_iowa,2007,iowa,false
woodyorne_iowa,2007,iowa,false
thomasnardo_iowa,2007,iowa,false
joeaudlehelm_iowa,2007,iowa,false
joeforgy_iowa,2007,iowa,false
cruzbarrette_nebraska,2006,nebraska,false
joshross_michigan,2017,michigan,false
jaraymondhall_michigan,2017,michigan,false
mattmcbride_rutgers,2010,rutgers,false
dontayhunterii_purdue,2019,purdue,false
jasondann_nebraska,2010,nebraska,false
joeyfelici_nebraska,2010,nebraska,false
derekfoster_nebraska,2010,nebraska,false
andygdowski_nebraska,2010,nebraska,false
andrewholt_nebraska,2010,nebraska,false
keeganhughes_nebraska,2010,nebraska,false
robjensen_nebraska,2010,nebraska,false
tysonmcgill_nebraska,2010,nebraska,false
jcmoore_nebraska,2010,nebraska,false
markpelini_nebraska,2010,nebraska,false
trevorroach_nebraska,2010,nebraska,false
dillonschrodt_nebraska,2010,nebraska,false
jacobsmith_nebraska,2010,nebraska,false
zachtaylor_nebraska,2010,nebraska,false
jeffuher_nebraska,2010,nebraska,false
yusefwade_nebraska,2010,nebraska,false
austinwilliams_nebraska,2010,nebraska,false
tylerwullenwaber_nebraska,2010,nebraska,false
joshbart_nebraska,2010,nebraska,false
zachgrant_illinois,2011,illinois,false
williebeavers_illinois,2011,illinois,false
austincarr_northwestern,2012,northwestern,false
kentplayko_northwestern,2012,northwestern,false
dannyvitale_northwestern,2012,northwestern,false
tai'yondevers_minnesota,2016,minnesota,false
markwilliams_minnesota,2016,minnesota,false
wisdomonyegbule_illinois,2007,illinois,false
matteller_illinois,2007,illinois,false
djturner_maryland,2016,maryland,false
tyrrellpigrome_maryland,2016,maryland,false
wadelees_maryland,2016,maryland,false
cambrown_penn-state,2016,penn-state,false
moburnam_indiana,2017,indiana,false
alfredbryant_indiana,2017,indiana,false
zendendellinger_indiana,2017,indiana,false
whopphilyor_indiana,2017,indiana,false
tyfryfogle_indiana,2017,indiana,false
samuelslusher_indiana,2017,indiana,false
jackcardillo_indiana,2017,indiana,false
lashawnpaulino-bell_michigan-state,2017,michigan-state,false
colehahn_michigan-state,2017,michigan-state,false
richardworshipiii_purdue,2015,purdue,false
dominiqueyoung_purdue,2015,purdue,false
zanderneuville_wisconsin,2014,wisconsin,false
timothycasonii_purdue,2014,purdue,false
djknox_purdue,2014,purdue,false
matthewallen_michigan-state,2016,michigan-state,false
grahamdanielson_wisconsin,2002,wisconsin,false
jeffokudah_ohio-state,2017,ohio-state,false
ellijahgardiner_ohio-state,2017,ohio-state,false
michaelmiranda_penn-state,2017,penn-state,false
camsullivan-brown_penn-state,2017,penn-state,false
desholmes_penn-state,2017,penn-state,false
nathanaelsnyder_indiana,2016,indiana,false
connorthomas_indiana,2016,indiana,false
camspence_maryland,2017,maryland,false
chrisautman-bell_minnesota,2017,minnesota,false
jacobpaulson_minnesota,2017,minnesota,false
reyestes_minnesota,2017,minnesota,false
harrisonvandyne_minnesota,2017,minnesota,false
warrenmiles-long_northwestern,2013,northwestern,false
matthewhibner_michigan,2020,michigan,false
dariusmillinet_illinois,2010,illinois,false
ajwilliams_illinois,2010,illinois,false
patrickdunn_illinois,2010,illinois,false
nickforzley_illinois,2010,illinois,false
nickimmekus_illinois,2010,illinois,false
bradjanitz_illinois,2010,illinois,false
jakekumerow_illinois,2010,illinois,false
alexporter_illinois,2010,illinois,false
joevanderheyden_illinois,2010,illinois,false
claytonfejedelem_illinois,2010,illinois,false
anthonywilliams_illinois,2010,illinois,false
givensprice_nebraska,2011,nebraska,false
ja'quriussmith_purdue,2018,purdue,false
willielane_purdue,2018,purdue,false
alfredarmour_purdue,2018,purdue,false
alexandersmith_wisconsin,2018,wisconsin,false
jonathanaiken_rutgers,2011,rutgers,false
kekoacrawford_michigan,2016,michigan,false
joshuche_michigan,2016,michigan,false
mikecaputo_nebraska,2007,nebraska,false
austincassidy_nebraska,2007,nebraska,false
austinjones_nebraska,2007,nebraska,false
tylerlegate_nebraska,2007,nebraska,false
lukelingenfelter_nebraska,2007,nebraska,false
jaymartin_nebraska,2007,nebraska,false
mathewmay_nebraska,2007,nebraska,false
lancethorell_nebraska,2007,nebraska,false
rickystanzi_iowa,2006,iowa,false
lemwatley-neely_indiana,2020,indiana,false
davidbaker_indiana,2020,indiana,false
dexterwilliamsii_indiana,2020,indiana,false
chrisbradberry_indiana,2020,indiana,false
blakehaluska_iowa,2010,iowa,false
johnchelf_iowa,2010,iowa,false
briankroll_iowa,2010,iowa,false
jordanprice_iowa,2010,iowa,false
markweisman_iowa,2010,iowa,false
palmerfoster_iowa,2010,iowa,false
lucasspeaker_iowa,2010,iowa,false
coleheissel_iowa,2010,iowa,false
mikemeyer_iowa,2010,iowa,false
simeonbarrow_michigan-state,2020,michigan-state,false
fozzywhittaker_texas,2007,texas,false
zachaustin_texas-tech,2013,texas-tech,false
collinbowen_texas-tech,2013,texas-tech,false
kyleheffron_texas-tech,2013,texas-tech,false
ja'deionhigh_texas-tech,2013,texas-tech,false
talornunez_texas-tech,2013,texas-tech,false
aaronbennett_texas-tech,2013,texas-tech,false
nicolassession_oklahoma-state,2020,oklahoma-state,false
zachmiddleton_oklahoma-state,2020,oklahoma-state,false
brandoncabel_oklahoma,2006,oklahoma,false
dajonterry_kansas,2019,kansas,false
jacobborcila_kansas,2019,kansas,false
haydenhatcher_kansas,2019,kansas,false
pauldawson_tcu,2011,tcu,false
davidporter_tcu,2011,tcu,false
josephpowell_oklahoma,2010,oklahoma,false
tonyfeo_oklahoma,2010,oklahoma,false
davidvincent-okoli_west-virginia,2020,west-virginia,false
avariussparrow_west-virginia,2020,west-virginia,false
christopherknighton_texas-tech,2009,texas-tech,false
ladarrenbrown_oklahoma-state,2016,oklahoma-state,false
mikewarren_iowa-state,2014,iowa-state,false
dalepierson_iowa-state,2014,iowa-state,false
poohstricklin_baylor,2015,baylor,false
jwketchumiii_baylor,2015,baylor,false
moporter_baylor,2015,baylor,false
marquesjones_baylor,2015,baylor,false
jacoblong_west-virginia,2016,west-virginia,false
connerwatts_west-virginia,2016,west-virginia,false
jashawnbanks_west-virginia,2016,west-virginia,false
mitchchugunov_west-virginia,2016,west-virginia,false
michaelmoore_kansas-state,2011,kansas-state,false
valkalafilutui_kansas-state,2011,kansas-state,false
baziebates_kansas,2015,kansas,false
michaelmathis_kansas,2015,kansas,false
jasoncoffman_kansas-state,2006,kansas-state,false
larrymazyck_kansas,2014,kansas,false
andrewzimmer_kansas,2014,kansas,false
nickbartolotta_kansas,2014,kansas,false
"keithloneker,_kansas",2014,kansas,false
ryanschadler_kansas,2014,kansas,false
reeserandall_kansas,2014,kansas,false
fishsmithson_kansas,2014,kansas,false
bjfinney_kansas-state,2010,kansas-state,false
randallevans_kansas-state,2010,kansas-state,false
ryanmueller_kansas-state,2010,kansas-state,false
destinmosely_kansas-state,2010,kansas-state,false
sammuellamur_kansas-state,2010,kansas-state,false
terrancesweeney_kansas-state,2010,kansas-state,false
davidsillsv_west-virginia,2017,west-virginia,false
tjkpan_west-virginia,2017,west-virginia,false
jakeabbott_west-virginia,2017,west-virginia,false
jaelengross_west-virginia,2017,west-virginia,false
jhaustinthomas_iowa-state,2015,iowa-state,false
jarnorjones_iowa-state,2015,iowa-state,false
dominicdelira_iowa-state,2015,iowa-state,false
tresterling_oklahoma-state,2017,oklahoma-state,false
enochsmith_oklahoma-state,2017,oklahoma-state,false
jakemcclure_oklahoma-state,2017,oklahoma-state,false
pookawilliams_kansas,2018,kansas,false
jackluavasa_kansas,2018,kansas,false
ajbennett_kansas,2018,kansas,false
d'juanmoore_kansas,2018,kansas,false
donovangagen_kansas,2018,kansas,false
spencerroe_kansas,2018,kansas,false
frankshannon_oklahoma,2011,oklahoma,false
reshodfortenberry_texas-tech,2012,texas-tech,false
tylerscalzi_texas-tech,2012,texas-tech,false
willruss_texas,2010,texas,false
bjhanspard_baylor,2018,baylor,false
joshfleeks_baylor,2018,baylor,false
joshlandry_baylor,2018,baylor,false
issacpower_baylor,2018,baylor,false
joeokafor_oklahoma-state,2010,oklahoma-state,false
dameinlawry_iowa-state,2012,iowa-state,false
pjharris_iowa-state,2012,iowa-state,false
charlierogers_iowa-state,2012,iowa-state,false
cliffstokes_iowa-state,2012,iowa-state,false
moporter_baylor,2013,baylor,false
quanjones_baylor,2013,baylor,false
tyleredwards_baylor,2013,baylor,false
terellbrooks_baylor,2013,baylor,false
chriscallahan_baylor,2013,baylor,false
seanmuir_baylor,2013,baylor,false
penitagive_baylor,2013,baylor,false
michaeldorsey_west-virginia,2010,west-virginia,false
michaelmolinari_west-virginia,2010,west-virginia,false
dequanwatts_texas-tech,2019,texas-tech,false
colethomas_texas-tech,2019,texas-tech,false
jonathangaribay_texas-tech,2019,texas-tech,false
shanewhitter_oklahoma,2020,oklahoma,false
djgraham_oklahoma,2020,oklahoma,false
joshellison_oklahoma,2020,oklahoma,false
eliwalker_kansas-state,2017,kansas-state,false
joshuabrown_kansas-state,2017,kansas-state,false
landryweber_kansas-state,2017,kansas-state,false
rosselder_kansas-state,2017,kansas-state,false
pearceslater_kansas,2013,kansas,false
ahongalufusimalohi_kansas,2013,kansas,false
michaelmesh_kansas,2013,kansas,false
petergallo_kansas,2013,kansas,false
brandonholloman_kansas,2013,kansas,false
michaelwhitfield_kansas,2013,kansas,false
tjsemke_kansas,2013,kansas,false
johnwirtel_kansas,2013,kansas,false
cameronrosser_kansas,2013,kansas,false
jacobdavis_kansas,2013,kansas,false
jordangoldenberg_kansas,2013,kansas,false
kylepullia_kansas,2013,kansas,false
zackaryyoung_kansas,2013,kansas,false
tevinelliott_baylor,2009,baylor,false
zachnorthern_baylor,2009,baylor,false
ta'quongraham_texas,2017,texas,false
robcummins_texas,2017,texas,false
terencesteele_texas-tech,2015,texas-tech,false
shanesmith_kansas,2009,kansas,false
quintonwoods_kansas,2009,kansas,false
georgeellisiii_tcu,2017,tcu,false
keenanreed_tcu,2017,tcu,false
travisdegrate_oklahoma,2016,oklahoma,false
spencejones_oklahoma,2016,oklahoma,false
nigelbethel_texas-tech,2014,texas-tech,false
patrickmahomesii_texas-tech,2014,texas-tech,false
samatoe_texas-tech,2014,texas-tech,false
paynesullins_texas-tech,2014,texas-tech,false
claytonhatfield_texas-tech,2014,texas-tech,false
kiseanallen_texas-tech,2014,texas-tech,false
grantbouma_texas-tech,2014,texas-tech,false
stantonkeane_texas-tech,2014,texas-tech,false
kashknutson_texas-tech,2014,texas-tech,false
bradenmarusak_texas-tech,2014,texas-tech,false
masonreed_texas-tech,2014,texas-tech,false
hunterrittimann_texas-tech,2014,texas-tech,false
douglaswilson_texas-tech,2014,texas-tech,false
d'andrechristmas_texas,2016,texas,false
chrisnaggar_texas,2016,texas,false
robertgriffiniii_baylor,2008,baylor,false
tjsmith_kansas-state,2020,kansas-state,false
deucevaughn_kansas-state,2020,kansas-state,false
tre'parmalee_kansas,2012,kansas,false
nasirmoore_kansas,2012,kansas,false
prestonrandall_kansas,2012,kansas,false
matthentges_kansas,2012,kansas,false
jordanshelley-smith_kansas,2012,kansas,false
reillyjeffers_kansas,2012,kansas,false
matthewwyman_kansas,2012,kansas,false
austinbarone_kansas,2012,kansas,false
beaubell_kansas,2012,kansas,false
austinbarone_kansas,2012,kansas,false
kaelinkey_kansas-state,2016,kansas-state,false
rayprice_kansas-state,2016,kansas-state,false
tomkillilea_kansas-state,2016,kansas-state,false
wykeengill_kansas-state,2016,kansas-state,false
devinanctil_kansas-state,2016,kansas-state,false
blakelynch_kansas-state,2016,kansas-state,false
danbailey_oklahoma-state,2007,oklahoma-state,false
budclark_tcu,2020,tcu,false
tylerguyton_tcu,2020,tcu,false
kjmyers_west-virginia,2011,west-virginia,false
dantecampbell_west-virginia,2011,west-virginia,false
cadenleggett_texas-tech,2018,texas-tech,false
adriencross_texas-tech,2018,texas-tech,false
treywolff_texas-tech,2018,texas-tech,false
ja'quaypough_texas-tech,2018,texas-tech,false
kevinterry_texas-tech,2018,texas-tech,false
tre'vonarmstead_baylor,2012,baylor,false
shocklinwood_baylor,2012,baylor,false
xavienhoward_baylor,2012,baylor,false
joeysearcy_baylor,2012,baylor,false
jasonosei_baylor,2012,baylor,false
jonweeks_baylor,2004,baylor,false
ejbibbs_iowa-state,2013,iowa-state,false
miketaviousjones_oklahoma-state,2011,oklahoma-state,false
jtthomas_west-virginia,2007,west-virginia,false
nikbonitto_oklahoma,2018,oklahoma,false
gabebrkic_oklahoma,2018,oklahoma,false
treviushodges_tcu,2019,tcu,false
tonypierson_kansas,2011,kansas,false
scottbaron_kansas,2011,kansas,false
christianrobinson_kansas,2011,kansas,false
scottbaron_kansas,2011,kansas,false
michaelzunica_kansas,2011,kansas,false
beaubell_kansas,2011,kansas,false
sethconway_kansas,2011,kansas,false
daltonschoen_kansas-state,2015,kansas-state,false
bobbyreid_oklahoma-state,2004,oklahoma-state,false
kjdillon_west-virginia,2012,west-virginia,false
rickyrumph_west-virginia,2012,west-virginia,false
johndepalma_west-virginia,2012,west-virginia,false
chaismith_west-virginia,2012,west-virginia,false
carltonnash_west-virginia,2012,west-virginia,false
deon-taymcmanus_west-virginia,2012,west-virginia,false
chasebeeler_iowa-state,2006,iowa-state,false
kenyattawatsonii_texas,2019,texas,false
isaiahhookfin_texas,2019,texas,false
trevorclemons-valdez_baylor,2011,baylor,false
kyleboyd_baylor,2011,baylor,false
andrewfrerking_baylor,2011,baylor,false
jimmylandes_baylor,2011,baylor,false
leebristow_baylor,2011,baylor,false
jaylee_baylor,2011,baylor,false
patrickcolbert_baylor,2011,baylor,false
devontedavis_baylor,2011,baylor,false
anthonybetters_baylor,2011,baylor,false
dwayneorso-bacchus_oklahoma,2014,oklahoma,false
davidbolisomi_tcu,2015,tcu,false
rocketismail_tcu,2015,tcu,false
mikehawkins_oklahoma,2002,oklahoma,false
willjones_kansas-state,2019,kansas-state,false
joshyoungblood_kansas-state,2019,kansas-state,false
kenyonreed_kansas-state,2019,kansas-state,false
clydeprice_kansas-state,2019,kansas-state,false
treeaton_kansas-state,2019,kansas-state,false
daltonrigdon_texas-tech,2017,texas-tech,false
dejuandavis_oklahoma-state,2008,oklahoma-state,false
chriswarreniii_texas,2015,texas,false
buckmajor_texas,2015,texas,false
pjlockeiii_texas,2015,texas,false
michaeldickson_texas,2015,texas,false
tylerbitancurt_west-virginia,2008,west-virginia,false
jblageman_west-virginia,2008,west-virginia,false
joemadsen_west-virginia,2008,west-virginia,false
ryannehlen_west-virginia,2008,west-virginia,false
mattlindamood_west-virginia,2008,west-virginia,false
cecillevel_west-virginia,2008,west-virginia,false
genosmith_west-virginia,2009,west-virginia,false
tyleranderson_west-virginia,2009,west-virginia,false
vinceyoung_texas,2002,texas,false
dukecatalon_texas,2014,texas,false
andreamay_oklahoma-state,2009,oklahoma-state,false
de'quanbowman_texas-tech,2016,texas-tech,false
mychthomas_texas-tech,2016,texas-tech,false
giopancotti_texas-tech,2016,texas-tech,false
jackreichel_texas-tech,2016,texas-tech,false
nickallen_kansas-state,2018,kansas-state,false
phillipbrooks_kansas-state,2018,kansas-state,false
phillipbrooks_kansas-state,2018,kansas-state,false
jarracawilliams_tcu,2002,tcu,false
willjohnson_oklahoma,2015,oklahoma,false
jarvisbaxter_oklahoma,2015,oklahoma,false
connormcginnis_oklahoma,2015,oklahoma,false
robertcharlton_oklahoma,2015,oklahoma,false
shaunnixon_tcu,2014,tcu,false
bramkohlhausen_tcu,2014,tcu,false
keatonperry_tcu,2014,tcu,false
vinascolese_tcu,2014,tcu,false
frankcarduffklin_west-virginia,2005,west-virginia,false
patmcafee_west-virginia,2005,west-virginia,false
jakehubenak_oklahoma-state,2013,oklahoma-state,false
robstandard_iowa-state,2011,iowa-state,false
byronvaughns_texas,2018,texas,false
anthonygonzalez_baylor,2010,baylor,false
nicko'toole_west-virginia,2013,west-virginia,false
dayronwilson_west-virginia,2013,west-virginia,false
stormmcpherson_west-virginia,2013,west-virginia,false
cameronnash_west-virginia,2013,west-virginia,false
zackjohnson_west-virginia,2013,west-virginia,false
brendanwillis_west-virginia,2013,west-virginia,false
djcarozza_west-virginia,2013,west-virginia,false
jonlewis_west-virginia,2013,west-virginia,false
alexbrooks_west-virginia,2013,west-virginia,false
scottlevine_west-virginia,2013,west-virginia,false
mikemolina_west-virginia,2013,west-virginia,false
shanecommodore_west-virginia,2013,west-virginia,false
adidcharles_west-virginia,2013,west-virginia,false
d'vontaderricott_kansas-state,2014,kansas-state,false
jebdrost_kansas-state,2014,kansas-state,false
zachdavidson_kansas-state,2014,kansas-state,false
derricklewis_texas-tech,2020,texas-tech,false
calebrogers_texas-tech,2020,texas-tech,false
josephweté_oklahoma,2019,oklahoma,false
krisdike_tcu,2018,tcu,false
demauryonholmes_tcu,2018,tcu,false
nicksizemore_kansas,2010,kansas,false
rondoherty_kansas,2010,kansas,false
blakejablonski_kansas,2010,kansas,false
connorembree_kansas,2010,kansas,false
nickharwell_kansas,2010,kansas,false
grantbothun_oklahoma,2012,oklahoma,false
willlatu_oklahoma,2012,oklahoma,false
cydcalvin_tcu,2013,tcu,false
mattpryor_tcu,2013,tcu,false
emmanuellamur_kansas-state,2009,kansas-state,false
masonchambers_iowa-state,2020,iowa-state,false
samrengert_iowa-state,2020,iowa-state,false
derrickedwards_texas-tech,2011,texas-tech,false
kennethhuggins_texas-tech,2011,texas-tech,false
bradpearson_texas-tech,2011,texas-tech,false
johnwhite_texas-tech,2011,texas-tech,false
joshuanorwood_west-virginia,2018,west-virginia,false
treyloweiii_west-virginia,2018,west-virginia,false
christopherbrown_texas,2005,texas,false
trevorgerland_texas,2005,texas,false
kolbyharvell-peel_oklahoma-state,2018,oklahoma-state,false
gabelemons_oklahoma-state,2018,oklahoma-state,false
josephgilbertson_kansas,2017,kansas,false
jelaniarnold_kansas,2017,kansas,false
zacdiles_kansas-state,2005,kansas-state,false
stacymcgee_oklahoma,2008,oklahoma,false
ajahnebrager_kansas-state,2013,kansas-state,false
dravonaskew-henry_west-virginia,2014,west-virginia,false
markellis_west-virginia,2014,west-virginia,false
brendanrivers_west-virginia,2014,west-virginia,false
chrisparry_west-virginia,2014,west-virginia,false
hunterbrown_west-virginia,2014,west-virginia,false
austinhensley_west-virginia,2014,west-virginia,false
jonathanhaynes_west-virginia,2014,west-virginia,false
austinfields_west-virginia,2014,west-virginia,false
prenticetillman_west-virginia,2014,west-virginia,false
kenyattagreene_west-virginia,2014,west-virginia,false
mykalmanswell_west-virginia,2014,west-virginia,false
koiturner_west-virginia,2014,west-virginia,false
bjthompson_baylor,2017,baylor,false
chidiogbonnaya_baylor,2017,baylor,false
jacobpark_iowa-state,2016,iowa-state,false
thadddaniels_iowa-state,2016,iowa-state,false
cliffordfernandez_iowa-state,2016,iowa-state,false
juwannoffray_oklahoma-state,2014,oklahoma-state,false
luketimian_oklahoma-state,2014,oklahoma-state,false
taylorcornelius_oklahoma-state,2014,oklahoma-state,false
lemaefegaleai_oklahoma-state,2014,oklahoma-state,false
patliebig_west-virginia,2002,west-virginia,false
charleshales_west-virginia,2002,west-virginia,false
rachidstoury_west-virginia,2002,west-virginia,false
kennethedison-mcgruder_oklahoma-state,2015,oklahoma-state,false
leofuimaono_oklahoma-state,2015,oklahoma-state,false
tyraesimmons_baylor,2016,baylor,false
willjones_baylor,2016,baylor,false
prestonheard_baylor,2016,baylor,false
kobybullard_baylor,2016,baylor,false
bjautry_baylor,2016,baylor,false
davidsillsv_west-virginia,2015,west-virginia,false
mattjones_west-virginia,2015,west-virginia,false
jahshaunseider_west-virginia,2015,west-virginia,false
brentosborne_west-virginia,2015,west-virginia,false
bradywatson_west-virginia,2015,west-virginia,false
mattvucelik_west-virginia,2015,west-virginia,false
grantslezak_west-virginia,2015,west-virginia,false
troylilly_west-virginia,2015,west-virginia,false
sheacampbell_west-virginia,2015,west-virginia,false
rossharvey_west-virginia,2015,west-virginia,false
deonteglover_west-virginia,2015,west-virginia,false
dlknock_west-virginia,2015,west-virginia,false
taybender_kansas-state,2012,kansas-state,false
donniestarks_kansas-state,2012,kansas-state,false
elwoodclement_kansas-state,2012,kansas-state,false
mikelee_kansas,2016,kansas,false
malikclark_kansas,2016,kansas,false
camdurley_kansas,2016,kansas,false
lucasjacobs_kansas,2016,kansas,false
kylethompson_kansas,2016,kansas,false
darriusmoragne_kansas,2016,kansas,false
kwamielassiter_kansas,2016,kansas,false
robjackson_kansas-state,2004,kansas-state,false
eugenegermany_kansas-state,2004,kansas-state,false
kodywalterscheid_oklahoma-state,2019,oklahoma-state,false
tomhutton_oklahoma-state,2019,oklahoma-state,false
frankokam_texas,2004,texas,false
shirodavis_texas,2012,texas,false
dukethomas_texas,2012,texas,false
benmcroy_texas-tech,2010,texas-tech,false
tre'porter_texas-tech,2010,texas-tech,false
tacoreyturner_west-virginia,2019,west-virginia,false
clintgresham_oklahoma,2005,oklahoma,false
mattromar_oklahoma,2013,oklahoma,false
deantegray_tcu,2012,tcu,false
joshcarraway_tcu,2012,tcu,false
willgarner_baylor,2020,baylor,false
ajmccarty_baylor,2020,baylor,false
sethjones_baylor,2020,baylor,false
tdmoton_texas-am,2015,texas-am,false
quart'esapp_tennessee,2015,tennessee,false
joeyoung_tennessee,2015,tennessee,false
terrencemagee_lsu,2011,lsu,false
forresthill_auburn,2012,auburn,false
jaquaysavage_auburn,2012,auburn,false
shaqwiggins_georgia,2013,georgia,false
reggiecarter_georgia,2013,georgia,false
de'andrejohnson_georgia,2013,georgia,false
kennardaniels-johnson_georgia,2013,georgia,false
glennwelch_georgia,2013,georgia,false
turkmcbride_tennessee,2003,tennessee,false
arronsears_tennessee,2003,tennessee,false
tonymcdaniel_tennessee,2003,tennessee,false
brandonsjohnson_tennessee,2003,tennessee,false
drewalleman_lsu,2007,lsu,false
austinconnor_south-carolina,2017,south-carolina,false
joe(player)cox_georgia,2005,georgia,false
chaunceygardner-johnson_florida,2016,florida,false
joshuahammond_florida,2016,florida,false
redbryant_texas-am,2003,texas-am,false
jppurvis_mississippi-state,2019,mississippi-state,false
buddupree_kentucky,2011,kentucky,false
djwarren_kentucky,2011,kentucky,false
bookiecobbins_kentucky,2011,kentucky,false
scoobycarter_alabama,2019,alabama,false
gabrieljeudy_vanderbilt,2019,vanderbilt,false
ke'shunbrown_texas-am,2019,texas-am,false
rjorebo_texas-am,2019,texas-am,false
nikconstantinou_texas-am,2019,texas-am,false
neikothorpe_auburn,2008,auburn,false
torichilders_auburn,2008,auburn,false
chandlerbrooks_auburn,2008,auburn,false
sambrown_auburn,2008,auburn,false
jakedrum_auburn,2008,auburn,false
ikeemmeans_auburn,2008,auburn,false
donnieriggins_auburn,2008,auburn,false
mikegilliard_georgia,2009,georgia,false
timwashington_mississippi-state,2015,mississippi-state,false
kendelljones_mississippi-state,2015,mississippi-state,false
jaquavionfraziars_florida,2020,florida,false
antwaunpowell_florida,2020,florida,false
richardleonard_florida,2020,florida,false
de'jonharris_arkansas,2016,arkansas,false
deionmalone_arkansas,2016,arkansas,false
mikewyman_south-carolina,2020,south-carolina,false
camrobinson_alabama,2014,alabama,false
hootiejones_alabama,2014,alabama,false
joshuafrazier_alabama,2014,alabama,false
camsims_alabama,2014,alabama,false
louisvecchio_vanderbilt,2014,vanderbilt,false
arnoldtarpley_vanderbilt,2014,vanderbilt,false
haydenlekacz_vanderbilt,2014,vanderbilt,false
alimmuhammad_vanderbilt,2014,vanderbilt,false
de'vionwarren_arkansas,2017,arkansas,false
bradanderson_vanderbilt,2002,vanderbilt,false
gregjohnson_vanderbilt,2002,vanderbilt,false
raybrown_vanderbilt,2002,vanderbilt,false
macpyle_vanderbilt,2002,vanderbilt,false
blakeluker_vanderbilt,2002,vanderbilt,false
harryballard_missouri,2018,missouri,false
willcoleman_mississippi-state,2014,mississippi-state,false
jamalharvy_ole-miss,2006,ole-miss,false
anthonymorgan_auburn,2009,auburn,false
taylorbradberry_georgia,2008,georgia,false
dominickwood-anderson_tennessee,2018,tennessee,false
kennethgeorge_tennessee,2018,tennessee,false
coltenblanton_texas-am,2018,texas-am,false
tankjenkins_texas-am,2018,texas-am,false
tredouglas_vanderbilt,2018,vanderbilt,false
javeonmarlow_vanderbilt,2018,vanderbilt,false
bjanderson_vanderbilt,2018,vanderbilt,false
alexpetterson_missouri,2002,missouri,false
maxsmith_kentucky,2010,kentucky,false
patricksurtainii_alabama,2018,alabama,false
alekaho_alabama,2018,alabama,false
tevitamusika_alabama,2018,alabama,false
laynehatcher_alabama,2018,alabama,false
nathanielwatson_mississippi-state,2018,mississippi-state,false
la’damianwebb_mississippi-state,2018,mississippi-state,false
justinjeffries_kentucky,2006,kentucky,false
steviejohnson_kentucky,2006,kentucky,false
nicksmith_florida,2017,florida,false
ajbryant_georgia,2004,georgia,false
brandonjefferies_tennessee,2002,tennessee,false
marksynder_lsu,2006,lsu,false
pikaleota_south-carolina,2016,south-carolina,false
parkerwhite_south-carolina,2016,south-carolina,false
rudyford_auburn,2013,auburn,false
caseydunn_auburn,2013,auburn,false
tyflournoy-smith_georgia,2012,georgia,false
vonpearson_tennessee,2014,tennessee,false
dimaryamixon_tennessee,2014,tennessee,false
elliottberry_tennessee,2014,tennessee,false
egoferguson_lsu,2010,lsu,false
nicjacobs_lsu,2010,lsu,false
joshreynolds_texas-am,2014,texas-am,false
tankdavis_texas-am,2014,texas-am,false
darrelljackson_texas-am,2014,texas-am,false
smokemonday_auburn,2018,auburn,false
trezmenmarshall_georgia,2019,georgia,false
billnorton_georgia,2019,georgia,false
d'wanmathis_georgia,2019,georgia,false
stetsonbennettiv_georgia,2019,georgia,false
nathanpriestley_georgia,2019,georgia,false
taekionreed_ole-miss,2017,ole-miss,false
dezharris_mississippi-state,2013,mississippi-state,false
trentsimpson_mississippi-state,2013,mississippi-state,false
alexcacciarelli_arkansas,2010,arkansas,false
westoncox_arkansas,2010,arkansas,false
charlesdement_arkansas,2010,arkansas,false
raygervasi_arkansas,2010,arkansas,false
johnhenson_arkansas,2010,arkansas,false
morganlinton_arkansas,2010,arkansas,false
ericredmon_arkansas,2010,arkansas,false
brandonwolford_arkansas,2010,arkansas,false
brianbuehner_arkansas,2010,arkansas,false
forbesharris_arkansas,2010,arkansas,false
ajmccray_arkansas,2010,arkansas,false
allenwhitlow_arkansas,2010,arkansas,false
johnnymccrary_vanderbilt,2013,vanderbilt,false
mitchparsons_vanderbilt,2013,vanderbilt,false
ralphwebb_vanderbilt,2013,vanderbilt,false
cjduncan_vanderbilt,2013,vanderbilt,false
patsmith_missouri,2009,missouri,false
bradleybozeman_alabama,2013,alabama,false
jaquaysavage_texas-am,2013,texas-am,false
jeremiahstuckey_texas-am,2013,texas-am,false
laquviontegonzales_texas-am,2013,texas-am,false
alphonsocarter_tennessee,2013,tennessee,false
johnathonjohnson_tennessee,2013,tennessee,false
devaunswafford_tennessee,2013,tennessee,false
edingram_lsu,2017,lsu,false
rocthomas_auburn,2014,auburn,false
tre'williams_auburn,2014,auburn,false
nickruffin_auburn,2014,auburn,false
hunterwood_auburn,2014,auburn,false
michaelsherwood_auburn,2014,auburn,false
daquanhawkins-muckle_georgia,2015,georgia,false
mirkojurkovic_georgia,2015,georgia,false
kirbychoates_georgia,2015,georgia,false
deswilliams_georgia,2003,georgia,false
michaelbennett_texas-am,2005,texas-am,false
joshshaw_florida,2010,florida,false
chrismartin_florida,2010,florida,false
kellyjohnson_alabama,2009,alabama,false
joshpaschal_kentucky,2017,kentucky,false
joshali_kentucky,2017,kentucky,false
christopherwhittaker_kentucky,2017,kentucky,false
gabejackson_mississippi-state,2009,mississippi-state,false
adrianmarcus_mississippi-state,2009,mississippi-state,false
derekdepasquale_mississippi-state,2009,mississippi-state,false
brandonwilson_mississippi-state,2009,mississippi-state,false
ziggyhood_missouri,2005,missouri,false
kendrickcook_mississippi-state,2008,mississippi-state,false
ajrose_kentucky,2016,kentucky,false
jaquizecross_kentucky,2016,kentucky,false
boogiewatson_kentucky,2016,kentucky,false
stephenjohnson_kentucky,2016,kentucky,false
archibaldbarnes_vanderbilt,2008,vanderbilt,false
seanrichardson_vanderbilt,2008,vanderbilt,false
bjscott_alabama,2008,alabama,false
marcelldareus_alabama,2008,alabama,false
dont'ahightower_alabama,2008,alabama,false
loucheizpurifoy_florida,2011,florida,false
bryanugamcclendon_georgia,2002,georgia,false
cedrichaywood_georgia,2002,georgia,false
inkyjohnson_tennessee,2004,tennessee,false
quagilchrist_south-carolina,2010,south-carolina,false
jeffholland_auburn,2015,auburn,false
javarisdavis_auburn,2015,auburn,false
mikehorton_auburn,2015,auburn,false
robertmuschamp_auburn,2015,auburn,false
keyonrichardson_georgia,2014,georgia,false
omariphillips_tennessee,2012,tennessee,false
pighoward_tennessee,2012,tennessee,false
kennybynum_tennessee,2012,tennessee,false
edalexander_lsu,2016,lsu,false
raythornton_lsu,2016,lsu,false
greedywilliams_lsu,2016,lsu,false
laytongarnett_lsu,2016,lsu,false
leonpinto_lsu,2016,lsu,false
spencerlanning_south-carolina,2006,south-carolina,false
camnewton_florida,2007,florida,false
jayehoward_florida,2007,florida,false
mikepouncey_florida,2007,florida,false
stevenwilks_florida,2007,florida,false
de'vanteharris_texas-am,2012,texas-am,false
tramainjacobs_texas-am,2012,texas-am,false
tipmckenzie_vanderbilt,2012,vanderbilt,false
beaubrinkley_missouri,2008,missouri,false
justinoates_arkansas,2011,arkansas,false
drewgorton_arkansas,2011,arkansas,false
bradtaylor_arkansas,2011,arkansas,false
eliricks_lsu,2020,lsu,false
deontayevans_mississippi-state,2012,mississippi-state,false
fredbrown_mississippi-state,2012,mississippi-state,false
torreydale_mississippi-state,2012,mississippi-state,false
tonyjerod-eddie_texas-am,2008,texas-am,false
rodwilks_tennessee,2008,tennessee,false
rjadams_kentucky,2020,kentucky,false
vitotisdale_kentucky,2020,kentucky,false
rickeyhyatt_kentucky,2020,kentucky,false
greglittle_ole-miss,2016,ole-miss,false
dkmetcalf_ole-miss,2016,ole-miss,false
josiahcoatney_ole-miss,2016,ole-miss,false
detricbing-dukes_ole-miss,2016,ole-miss,false
derickhall_auburn,2019,auburn,false
camkelly_auburn,2019,auburn,false
chrissmith_georgia,2018,georgia,false
hahaclinton-dix_alabama,2011,alabama,false
deehart_alabama,2011,alabama,false
christionjones_alabama,2011,alabama,false
mattsandlin_alabama,2011,alabama,false
mjdevonshire_kentucky,2019,kentucky,false
kdmcdaniel_kentucky,2019,kentucky,false
marvinbure_mississippi-state,2007,mississippi-state,false
quintonsaulsberry_mississippi-state,2007,mississippi-state,false
kellenwilliams_vanderbilt,2011,vanderbilt,false
joshgrady_vanderbilt,2011,vanderbilt,false
adammcfain_arkansas,2012,arkansas,false
fredbarnett_arkansas,2004,arkansas,false
jbkern_alabama,2007,alabama,false
loganthomas_alabama,2007,alabama,false
michaeldejohn_alabama,2007,alabama,false
robezell_alabama,2007,alabama,false
colingallagher_alabama,2007,alabama,false
markholt_alabama,2007,alabama,false
deearrington_mississippi-state,2011,mississippi-state,false
joemorrow_mississippi-state,2011,mississippi-state,false
johnharris_mississippi-state,2011,mississippi-state,false
dewaynecherrington_mississippi-state,2011,mississippi-state,false
tankbigsby_auburn,2020,auburn,false
deandrebutler_auburn,2020,auburn,false
cameronriley_auburn,2020,auburn,false
brandonfrazier_auburn,2020,auburn,false
jacobfeeley_ole-miss,2015,ole-miss,false
stedmanbailey_south-carolina,2009,south-carolina,false
rokeviouswatkins_south-carolina,2009,south-carolina,false
duanechisholm_south-carolina,2009,south-carolina,false
matthewcoffee_south-carolina,2009,south-carolina,false
derekstingley_lsu,2019,lsu,false
tyriondavis-price_lsu,2019,lsu,false
tkmclendon_lsu,2019,lsu,false
jeffdemps_florida,2008,florida,false
derickwashington_missouri,2007,missouri,false
tekerreincuba_missouri,2007,missouri,false
nickbrewer_arkansas,2008,arkansas,false
cameronbryan_arkansas,2008,arkansas,false
tylerdeacon_arkansas,2008,arkansas,false
blakegunderson_arkansas,2008,arkansas,false
earnestpayton_missouri,2011,missouri,false
raphandrades_florida,2012,florida,false
drewwilliams_south-carolina,2013,south-carolina,false
benjirussell_south-carolina,2013,south-carolina,false
demetriussmalls_south-carolina,2013,south-carolina,false
amphill_lsu,2003,lsu,false
richardlecounteiii_georgia,2017,georgia,false
mattlanders_georgia,2017,georgia,false
ahkilcrumpton_georgia,2017,georgia,false
elistove_auburn,2016,auburn,false
kammartin_auburn,2016,auburn,false
chidiokeke_lsu,2015,lsu,false
nickbrossette_lsu,2015,lsu,false
bry'keithonmouton_lsu,2015,lsu,false
samwilliams_ole-miss,2019,ole-miss,false
snoopconner_ole-miss,2019,ole-miss,false
jaystanley_ole-miss,2019,ole-miss,false
lemarcstrahan_texas-am,2011,texas-am,false
rossgilliam_texas-am,2010,texas-am,false
edparis_lsu,2014,lsu,false
willclapp_lsu,2014,lsu,false
brandonbergeron_lsu,2014,lsu,false
beniannacchione_south-carolina,2004,south-carolina,false
scottiephillips_ole-miss,2018,ole-miss,false
ka'darianhill_ole-miss,2018,ole-miss,false
fordwerness_ole-miss,2018,ole-miss,false
ja'wuanjames_tennessee,2010,tennessee,false
gregoryclark_tennessee,2010,tennessee,false
daringooch_tennessee,2010,tennessee,false
jarrettstidham_auburn,2017,auburn,false
tdmoultry_auburn,2017,auburn,false
bigkatbryant_auburn,2017,auburn,false
billtaylor_auburn,2017,auburn,false
perryorth_south-carolina,2012,south-carolina,false
devinpotter_south-carolina,2012,south-carolina,false
seanodom_south-carolina,2012,south-carolina,false
shannonjames_south-carolina,2012,south-carolina,false
matrickbelton_south-carolina,2012,south-carolina,false
troyhankton_lsu,2002,lsu,false
jay-nardbostwick_florida,2013,florida,false
christiancalfisch_texas-am,2006,texas-am,false
mikegoodson_texas-am,2006,texas-am,false
tylergabbart_missouri,2010,missouri,false
jimmyhunt_missouri,2010,missouri,false
coltonmiles-nash_arkansas,2009,arkansas,false
dylanbreeding_arkansas,2009,arkansas,false
willcoleman_arkansas,2009,arkansas,false
telvingriffin_arkansas,2009,arkansas,false
davidhurd_arkansas,2009,arkansas,false
brandonpyle_arkansas,2009,arkansas,false
williamserrano_arkansas,2009,arkansas,false
michaelvillegas_arkansas,2009,arkansas,false
ronaldwatkins_arkansas,2009,arkansas,false
justinwortman_arkansas,2009,arkansas,false
hunterjarvis_arkansas,2009,arkansas,false
boomwilliams_kentucky,2014,kentucky,false
cjjohnson_kentucky,2014,kentucky,false
bunchystallings_kentucky,2014,kentucky,false
aaroncrawlfield_missouri,2006,missouri,false
jonharrison_florida,2009,florida,false
joshevans_florida,2009,florida,false
kenwebster_ole-miss,2014,ole-miss,false
ajmoore_ole-miss,2014,ole-miss,false
cjmoore_ole-miss,2014,ole-miss,false
talbotbuys_ole-miss,2014,ole-miss,false
alexweber_ole-miss,2014,ole-miss,false
ccwhitlock_south-carolina,2008,south-carolina,false
kennymiles_south-carolina,2008,south-carolina,false
reginaldbowens_south-carolina,2008,south-carolina,false
torigurley_south-carolina,2008,south-carolina,false
elliottwilliams_south-carolina,2008,south-carolina,false
asianruff_mississippi-state,2010,mississippi-state,false
benbeckwith_mississippi-state,2010,mississippi-state,false
mjsherman_georgia,2020,georgia,false
jdlott_alabama,2006,alabama,false
labronskihuntchins_alabama,2006,alabama,false
ajderby_arkansas,2013,arkansas,false
johnathanmcclure_arkansas,2013,arkansas,false
samirwin-hill_arkansas,2013,arkansas,false
karlroesler_arkansas,2013,arkansas,false
willduncan_arkansas,2013,arkansas,false
kevinrichardson_arkansas,2013,arkansas,false
kohlslaughter_arkansas,2013,arkansas,false
ryangray_arkansas,2013,arkansas,false
anthonyantwine_arkansas,2013,arkansas,false
kendrickpayne_arkansas,2013,arkansas,false
mattreynolds_arkansas,2013,arkansas,false
devinryan_arkansas,2013,arkansas,false
nicholasthomas-smith_arkansas,2013,arkansas,false
martymurad_arkansas,2013,arkansas,false
mattdodson_arkansas,2013,arkansas,false
boobiedixon_mississippi-state,2006,mississippi-state,false
deemilliner_alabama,2010,alabama,false
codymandell_alabama,2010,alabama,false
calebcastille_alabama,2010,alabama,false
tannerfink_kentucky,2013,kentucky,false
mikewoods_arkansas,2018,arkansas,false
jimmiestoudemire_arkansas,2018,arkansas,false
larryrountreeiii_missouri,2017,missouri,false
teeztabor_florida,2014,florida,false
geraldwillis_florida,2014,florida,false
bentate_auburn,2006,auburn,false
djneal_south-carolina,2015,south-carolina,false
boosiewhitlow_south-carolina,2015,south-carolina,false
jalendread_south-carolina,2015,south-carolina,false
jasonsenn_south-carolina,2015,south-carolina,false
tylerragsdale_south-carolina,2015,south-carolina,false
matthewweigel_south-carolina,2015,south-carolina,false
logancrane_south-carolina,2015,south-carolina,false
devindingle_south-carolina,2015,south-carolina,false
javoncharleston_south-carolina,2015,south-carolina,false
johnjenkins_georgia,2011,georgia,false
quintaviusharrow_georgia,2011,georgia,false
tundefariyike_auburn,2010,auburn,false
xavierbrown_auburn,2010,auburn,false
trentfisher_auburn,2010,auburn,false
codeyfrederick_auburn,2010,auburn,false
camerongroce_auburn,2010,auburn,false
ryanpreston_auburn,2010,auburn,false
dimitrireese_auburn,2010,auburn,false
jordanspriggs_auburn,2010,auburn,false
jacobwestrich_auburn,2010,auburn,false
blakepoole_auburn,2010,auburn,false
camnewton_auburn,2010,auburn,false
averypeterson_lsu,2013,lsu,false
johndavidmoore_lsu,2013,lsu,false
cyrilgrayson_lsu,2013,lsu,false
channingcrowder_florida,2002,florida,false
buddyjohnson_texas-am,2017,texas-am,false
joshrogers_texas-am,2017,texas-am,false
henryruggsiii_alabama,2017,alabama,false
christopherallen_alabama,2017,alabama,false
joshallen_arkansas,2014,arkansas,false
chrismurphy_arkansas,2014,arkansas,false
joshliddell_arkansas,2014,arkansas,false
joshwilliams_arkansas,2014,arkansas,false
lanesaling_arkansas,2014,arkansas,false
la'rodking_kentucky,2009,kentucky,false
montraviousrichardson_mississippi-state,2017,mississippi-state,false
lucaskrull_florida,2018,florida,false
johnhuggins_florida,2018,florida,false
randyrussell_florida,2018,florida,false
mikewallace_ole-miss,2005,ole-miss,false
camsmith_south-carolina,2019,south-carolina,false
johndixon_south-carolina,2019,south-carolina,false
sethfruge_lsu,2009,lsu,false
tonyconner_ole-miss,2013,ole-miss,false
rayraysmith_ole-miss,2013,ole-miss,false
taylerpolk_ole-miss,2013,ole-miss,false
willgleeson_ole-miss,2013,ole-miss,false
fadolbrown_ole-miss,2013,ole-miss,false
krisabrams-draine_missouri,2020,missouri,false
montraedwards_missouri,2020,missouri,false
isaacgross_ole-miss,2012,ole-miss,false
andypappanastos_ole-miss,2012,ole-miss,false
rosendolouis_south-carolina,2018,south-carolina,false
patrickpeterson_lsu,2008,lsu,false
ty'ronhopper_florida,2019,florida,false
williamharrod_florida,2019,florida,false
cjmorgan_mississippi-state,2016,mississippi-state,false
reggietodd_mississippi-state,2016,mississippi-state,false
damarcusbeckwith_tennessee,2020,tennessee,false
mattsmith_kentucky,2008,kentucky,false
moosemuhammadiii_texas-am,2020,texas-am,false
joshuahmoten_texas-am,2020,texas-am,false
joshbankhead_texas-am,2020,texas-am,false
cheyenneo'grady_arkansas,2015,arkansas,false
rawleighwilliamsiii_arkansas,2015,arkansas,false
tylerphillips_arkansas,2015,arkansas,false
byronkeaton_arkansas,2015,arkansas,false
seanauwae_vanderbilt,2016,vanderbilt,false
mackwilson_alabama,2016,alabama,false
terrelllewis_alabama,2016,alabama,false
joshjacobs_alabama,2016,alabama,false
irvsmith_alabama,2016,alabama,false
joedonald_alabama,2016,alabama,false
klydechriss_texas-am,2016,texas-am,false
fredbennett_south-carolina,2002,south-carolina,false
jeremyhill_lsu,2012,lsu,false
jerqwinicksandolph_lsu,2012,lsu,false
averypeterson_lsu,2012,lsu,false
djhenderson_tennessee,2016,tennessee,false
jeremylewis_tennessee,2016,tennessee,false
wirthcampbell_auburn,2011,auburn,false
garrettharper_auburn,2011,auburn,false
ellissmith_auburn,2011,auburn,false
clayfinkelstein_auburn,2011,auburn,false
danielpond_auburn,2011,auburn,false
jon-morganpoole_auburn,2011,auburn,false
zachrawden_auburn,2011,auburn,false
brianwalsh_auburn,2011,auburn,false
patrickyoung_auburn,2011,auburn,false
kccrosby_south-carolina,2014,south-carolina,false
nickmcgriff_south-carolina,2014,south-carolina,false
scottgrant_south-carolina,2014,south-carolina,false
melvinharris_ole-miss,2008,ole-miss,false
willanderson_alabama,2020,alabama,false
joshharris_auburn,2007,auburn,false
davishooper_auburn,2007,auburn,false
chrishumphries_auburn,2007,auburn,false
bobbyingalls_auburn,2007,auburn,false
nathantaylor_auburn,2007,auburn,false
ashtonrichardson_auburn,2007,auburn,false
trystancolon-castillo_missouri,2016,missouri,false
gregbrooks_arkansas,2019,arkansas,false
bradylatham_arkansas,2019,arkansas,false
kadeem'pancho'thomas_kentucky,2012,kentucky,false
jeffwitthuhn_kentucky,2012,kentucky,false
willthomascollins_kentucky,2012,kentucky,false
